Provider_ID,ZIP_Code,Hospital_overall_rating
10005,35957,2
10012,35968,3
10032,36278,4
10095,36744,3
10131,35801,2
11304,36904,Not Available
20018,99559,3
21308,99762,Not Available
21309,99576,Not Available
21310,99752,Not Available
30071,86504,1
30074,85634,Not Available
30084,86503,3
31308,85147,Not Available
40007,72205,1
40018,72956,3
40050,71701,3
40154,72032,Not Available
41324,72110,Not Available
41328,71653,2
50054,92220,2
50103,90033,3
50138,90027,3
50145,93940,5
50224,92663,4
50280,96001,2
50309,95661,4
50488,94546,3
50567,92691,5
51317,95422,3
53302,90027,Not Available
53306,92691,Not Available
61325,81641,Not Available
61326,80863,Not Available
70006,6904,2
70016,6706,4
70029,6010,3
80003,19805,4
100054,32578,4
100137,33837,1
100183,33134,3
100204,32605,3
100209,33175,2
100244,33990,2
21301,99686,Not Available
21304,99833,Not Available
21307,99574,Not Available
110030,30120,2
110038,31792,4
110041,30535,2
110128,30474,3
111335,31310,3
120028,96743,3
130013,83686,3
140002,62002,2
140007,60435,1
131323,83340,Not Available
140015,62301,3
140018,60608,1
140052,62002,3
140118,60406,2
140191,60426,4
140258,60007,5
140286,60115,3
141302,61036,Not Available
141306,62088,Not Available
141328,62982,Not Available
141346,62471,Not Available
141349,62286,Not Available
143300,60611,Not Available
150069,47250,4
150089,47303,4
150128,46227,3
160089,52501,3
161377,52544,4
170166,67950,3
171303,67839,Not Available
171312,67029,Not Available
171318,67361,Not Available
171322,67878,Not Available
171324,67870,Not Available
171338,66534,Not Available
171344,66757,4
171382,66002,3
180010,40504,1
180080,40701,2
190116,71220,3
190144,71055,3
190145,71342,4
200018,4769,4
191318,71334,Not Available
200033,4401,2
210011,21229,1
201312,4915,4
220010,1842,3
220171,1803,3
221300,2557,4
230110,49431,4
230132,48503,1
230197,48439,2
230269,48085,4
230273,48201,2
230277,48382,2
231303,49854,4
231322,49720,4
231323,49677,4
240206,56671,Not Available
241300,56557,Not Available
241306,56277,4
241358,56633,Not Available
241379,56531,Not Available
250006,38652,4
250027,39339,Not Available
250057,39601,3
250060,39069,Not Available
250084,39120,2
250097,39649,2
250127,39350,Not Available
260020,63141,5
251307,39341,Not Available
251309,39631,2
260032,63110,2
260108,63131,4
260141,65212,3
260142,65340,3
260183,63703,3
260214,64012,4
261318,65560,4
261335,65548,Not Available
261336,63663,Not Available
263301,63110,Not Available
270003,59601,4
270074,59417,Not Available
271304,59442,Not Available
271321,59036,Not Available
271339,59022,Not Available
280009,68848,4
280013,68198,3
281300,68920,Not Available
281301,68361,4
281302,68420,Not Available
281303,68746,Not Available
281309,68446,Not Available
281312,68640,Not Available
281314,68651,Not Available
281315,68978,4
281316,68970,Not Available
281319,68352,4
281326,68756,3
281327,69130,4
281331,68729,Not Available
281334,68620,4
281335,68825,Not Available
281336,68467,4
281338,68873,4
281340,69021,Not Available
281344,69201,4
281346,68769,Not Available
281347,68765,Not Available
281349,68047,Not Available
281351,69033,Not Available
281352,68355,4
281354,68333,4
281360,69301,4
281361,68850,Not Available
281363,69001,4
281364,68310,5
290041,89144,1
290045,89052,1
290057,89011,Not Available
291306,89410,3
291314,89447,Not Available
310009,7109,3
310010,8536,3
310011,8210,3
310034,7701,4
310038,8901,2
310044,8534,3
310054,7042,3
310091,8079,2
310110,8690,2
320059,87420,2
320060,87327,Not Available
320062,87313,Not Available
320070,87049,Not Available
321309,88031,2
330024,10029,3
330049,12572,3
330055,11355,1
330058,14456,2
330085,13820,3
330136,13326,2
330181,11542,2
330195,11040,1
330198,11572,2
330304,10601,2
330385,10467,2
330386,12742,2
330393,11794,2
340030,27710,3
340047,27157,3
340127,27565,2
340132,27536,2
340144,28687,3
340156,28719,Not Available
340171,28106,4
341302,27874,Not Available
341320,28675,Not Available
341323,28646,Not Available
350063,58316,Not Available
350064,58538,Not Available
351305,58746,Not Available
351312,58267,Not Available
351318,58421,4
351319,58220,3
351331,58324,Not Available
360051,45409,4
360076,45005,3
360098,44077,4
360133,45405,4
360262,43623,4
360274,45417,Not Available
360364,44011,Not Available
363305,43205,Not Available
363306,45404,Not Available
370034,74501,2
370048,74745,2
370049,74076,5
370054,73018,4
370183,74437,3
370214,73052,Not Available
370222,73114,5
371311,73573,Not Available
371313,73750,4
371331,74030,Not Available
371332,73663,Not Available
381319,97801,5
390013,17837,4
390032,15065,3
390066,17042,3
390079,18840,3
390093,16214,2
390111,19104,4
390123,19464,1
390146,16365,3
390156,19023,1
390163,16201,3
390168,16001,4
390180,19013,2
390195,19096,5
390219,15650,4
390258,19047,4
393303,19104,Not Available
400005,791,Not Available
400001,907,2
400003,733,Not Available
400004,936,Not Available
400006,909,Not Available
400007,791,Not Available
400009,785,Not Available
400010,631,Not Available
400011,792,Not Available
400013,737,Not Available
400014,681,Not Available
400015,936,Not Available
400016,918,1
400018,705,Not Available
400019,910,Not Available
400021,683,Not Available
400022,717,2
400098,923,Not Available
400026,714,Not Available
400032,960,Not Available
400044,733,1
400048,785,Not Available
400061,927,Not Available
400079,603,Not Available
400087,613,Not Available
400102,959,Not Available
400103,682,Not Available
400104,725,Not Available
400105,956,Not Available
400106,915,Not Available
400109,961,2
400110,698,Not Available
400111,676,Not Available
400113,780,Not Available
400114,674,Not Available
400115,693,Not Available
400117,614,Not Available
400118,674,Not Available
400120,725,2
400121,928,Not Available
400122,969,Not Available
400123,681,Not Available
400124,936,Not Available
400125,738,Not Available
400126,683,Not Available
400127,935,Not Available
400128,919,Not Available
400130,641,Not Available
400131,738,Not Available
400133,928,Not Available
403301,935,Not Available
410006,2840,4
420011,29671,4
420015,29641,3
420023,29601,5
420098,29576,4
420106,29212,4
421302,29180,Not Available
430083,57625,Not Available
430084,57570,Not Available
431300,57042,Not Available
431309,57523,Not Available
431314,57551,Not Available
431318,57428,Not Available
431319,57567,Not Available
431326,57252,Not Available
431328,57070,Not Available
431332,57231,Not Available
431338,57533,Not Available
440012,37620,3
440001,37650,3
440082,37205,4
440175,38464,4
441315,37317,Not Available
450032,75670,4
450099,79065,4
450143,78957,4
450165,78026,3
450210,75633,3
450237,78207,4
450352,75401,2
450369,79201,4
450395,77351,3
450662,78526,3
450797,77004,Not Available
460014,84074,4
451309,79752,Not Available
451318,79502,Not Available
451333,79782,Not Available
451341,79521,Not Available
451357,76567,Not Available
451360,75972,Not Available
451361,75948,Not Available
451365,78611,3
453301,78411,Not Available
460010,84107,5
470001,5641,4
471300,5353,Not Available
471306,5156,3
490009,22908,2
490117,24651,3
490126,24457,3
500044,99210,4
500051,98004,4
500129,98405,2
501305,99122,Not Available
503301,98415,Not Available
510001,26506,2
510002,24970,4
510072,26155,4
520037,54449,4
520103,53051,3
430081,57770,Not Available
480001,801,2
520207,53024,5
521332,54801,4
521347,54002,Not Available
670004,78945,4
670062,76227,Not Available
670119,77090,Not Available
670120,79911,Not Available
640001,96799,Not Available
650001,96913,2
650003,96929,Not Available
660001,96950,Not Available
100045,32720,3
10083,36535,3
10126,36081,2
100287,33401,2
50168,92835,3
100206,33609,2
100175,34265,3
30123,85255,5
30069,86403,2
41311,71852,4
50327,92354,1
100044,34995,2
110045,30680,3
30061,85351,5
100105,32960,2
50014,95642,2
50305,94705,4
100034,33140,4
50118,95336,3
100187,33016,2
50663,90023,3
50633,93465,2
100243,33511,2
50075,94611,4
50742,90036,2
50007,94010,5
50590,95823,3
100269,33470,2
10149,36117,4
40152,72703,Not Available
110073,31750,3
100286,34119,2
50407,94133,4
20006,99645,2
10101,35161,3
70020,6457,4
10097,36092,4
10158,35653,4
40119,72503,4
50745,92869,2
11300,36518,Not Available
70018,6830,4
31300,85390,4
100321,32068,4
40019,72335,2
110075,30458,2
60065,80229,4
61302,81521,Not Available
50057,93291,3
100040,32204,2
61311,81073,Not Available
50758,91763,2
100028,32796,3
60071,81416,4
51315,96093,Not Available
51303,93546,Not Available
50232,93401,4
50636,92064,3
101303,32054,Not Available
50315,93306,2
10021,36360,4
51320,96130,4
110008,30115,2
100090,32086,2
100106,32348,3
40132,71901,Not Available
50739,90301,4
10018,35233,Not Available
50471,90017,2
60104,80023,3
50238,91006,5
50180,94598,4
10069,36027,4
31307,85344,Not Available
51306,95988,Not Available
100258,33484,1
100268,33428,1
100067,33705,2
60003,80501,4
100259,33573,3
100161,32771,2
60030,80538,3
50528,93635,3
10001,36301,3
50624,91355,4
110029,30501,3
100014,32170,1
70008,6076,4
30137,85614,2
100249,34428,1
50060,93721,2
53309,90806,Not Available
50047,94115,5
100001,32209,1
30001,85031,3
60075,81601,4
50350,90640,4
50414,95630,2
50727,90804,2
100032,33701,1
60024,80045,3
110113,30830,Not Available
30037,85006,2
41305,72958,Not Available
50058,91204,4
100124,32570,3
41308,71654,Not Available
50357,93111,5
41322,72576,3
50112,90404,5
51310,95490,4
70021,6226,4
50740,90291,3
50417,95531,3
50775,92592,4
61327,81321,3
50455,93301,2
60124,80228,Not Available
51302,93545,Not Available
31314,85501,3
100255,33615,3
60010,80524,5
20024,99669,2
50481,91307,2
60100,80012,5
100179,32216,1
61301,81132,4
50121,93230,2
100026,32401,3
51309,95542,Not Available
40076,72104,4
50516,95608,2
100264,34613,2
100181,33143,2
30011,85711,3
10103,35211,3
110027,30553,3
10164,35150,2
100053,33013,1
100038,33021,4
50008,94117,3
50324,92037,3
40134,72211,4
61320,81230,Not Available
100073,33308,3
60119,80538,5
100075,33677,4
10007,36467,2
70024,6360,4
10059,35650,4
10100,36532,3
50024,91950,3
30134,85120,4
50153,95128,2
70034,6856,3
70025,6102,2
30132,85132,Not Available
50352,96150,3
83300,19899,Not Available
101304,32424,Not Available
100254,32308,2
50760,94531,3
100009,33136,2
40062,72917,4
30006,85712,3
30115,85037,4
100220,33912,2
60014,80218,3
50573,92270,5
100008,33176,2
100130,33430,2
40001,72761,3
51314,93240,3
50078,90732,4
50329,92882,3
40084,72015,2
70033,6810,2
30055,86409,2
50226,92801,3
110109,30401,4
110086,31082,3
10086,35594,4
10148,36401,3
110046,30655,2
50289,94015,4
110069,31093,4
11302,35582,Not Available
101302,32440,Not Available
40071,71603,1
50090,95476,4
50228,94110,1
100132,33563,3
110115,30312,2
100211,33525,2
10139,35209,2
110051,30512,5
73300,6106,Not Available
110082,30342,5
101311,32340,Not Available
20026,99508,2
100276,33065,2
60114,80138,3
60013,81301,5
61313,80807,Not Available
90005,20016,3
110025,31520,2
10034,36078,4
30007,86326,5
50136,94954,3
100030,34761,2
10128,36545,3
50411,90710,4
100002,33435,3
100077,33952,1
30089,85306,3
50755,91403,3
50523,94509,3
40017,72601,4
110142,30417,4
110016,30240,4
50056,93534,1
50765,92555,3
30114,85755,3
101313,33070,5
110010,30322,4
40074,72076,1
50292,92555,1
51327,96020,3
110007,31703,2
100107,33936,1
50261,93257,1
110023,30701,5
100191,34655,2
100110,34741,2
60009,80033,4
50336,95240,2
100084,34748,2
41303,72949,Not Available
61304,80731,Not Available
110074,30606,4
80006,19973,4
50709,92395,3
100017,32114,1
31301,85602,4
40088,71731,2
50308,94040,4
110071,31513,3
101309,33440,3
51305,96028,Not Available
50137,91402,3
50133,95901,1
50313,95376,4
40153,71801,3
60076,80751,4
50735,90605,3
101308,32428,Not Available
60034,80113,4
60116,80026,4
100047,33950,1
30092,85027,2
100292,32550,4
50568,93637,2
10039,35801,2
90011,20010,2
10045,35555,4
10040,35903,2
110040,30529,3
100266,32561,5
50777,94577,3
50043,94609,4
13301,36604,Not Available
10016,35007,3
50551,90720,3
50748,95337,3
40010,72758,4
50116,91325,1
100212,34478,1
110101,31620,3
70002,6105,4
10044,35570,4
10109,35447,3
50231,91767,2
50242,95065,3
70017,6450,2
100223,32547,3
60049,80487,4
51319,96067,3
100177,32932,4
50254,95667,5
60127,80020,Not Available
60126,80528,Not Available
10078,36207,2
50438,91109,5
100189,33063,2
100093,32501,4
41321,71923,3
90001,20037,1
110050,30705,3
100142,32446,2
40085,72342,2
30130,85140,4
103300,33701,Not Available
90006,20017,1
10113,36652,2
10138,36925,Not Available
60031,80907,3
50334,93901,3
31311,86047,Not Available
50150,95945,3
50295,93301,2
50139,90242,3
100018,34102,5
50580,90623,4
50205,91740,4
50510,94903,Not Available
10058,35042,3
10146,36265,3
100113,32610,2
50283,94588,3
50320,94602,2
21311,99901,3
41307,72396,5
40137,72120,2
10049,36330,2
50028,95521,3
40147,72118,5
50104,90262,2
93300,20010,Not Available
100180,33710,1
41330,72454,3
110143,30106,3
50124,91209,1
30002,85006,3
50724,93308,2
100200,33308,3
100029,33150,1
110024,31412,2
60064,80210,4
50515,92120,3
100260,34952,1
100232,32177,2
90003,20060,1
100102,32055,3
100051,34711,3
90004,20007,2
80004,19901,3
70035,6050,3
110054,30162,4
50077,92103,3
50468,90247,1
30016,85222,2
10052,36853,3
50426,92804,3
30030,85015,2
41327,71671,4
41304,72632,Not Available
31304,86040,Not Available
50149,90015,2
51331,93463,3
10168,36867,4
50281,91801,4
70036,6032,3
50359,93274,1
50586,91710,5
50772,95661,4
13300,35233,Not Available
10108,36067,4
100081,32435,2
41310,72560,4
100150,33040,2
30036,85224,4
51330,96101,Not Available
50747,92704,2
50502,90057,4
50002,94545,1
100071,34601,2
40067,71754,3
50390,92543,1
51333,93555,Not Available
50348,92868,2
30022,85008,2
61323,81052,3
60027,80304,3
61321,81082,Not Available
100088,32207,4
110035,30060,3
50378,91352,2
50101,94589,2
60001,80631,4
110107,31201,3
110087,30045,4
50496,94520,5
61309,80758,Not Available
51318,95540,Not Available
50678,92708,2
41309,72476,Not Available
10118,36701,3
50301,95482,2
41323,71635,3
100134,32063,Not Available
80009,19963,4
100289,33331,2
50464,95350,1
40069,72315,1
41329,72616,4
20017,99508,4
40039,72450,1
50234,92118,4
51312,92352,Not Available
100039,33316,1
50159,93003,2
110132,39819,3
10011,35235,3
40015,71953,3
100296,33146,3
50353,90503,3
50534,92201,2
101312,33050,3
101310,32091,2
50771,90650,2
41300,72855,Not Available
50125,95116,1
101301,32060,3
100290,32159,2
30110,85395,3
100231,32514,3
40022,72764,3
50132,91776,4
30014,85020,2
10099,36426,2
100173,33613,1
100265,34695,2
10046,35901,3
100319,33544,4
103301,33155,Not Available
31302,85643,Not Available
50276,94553,3
50113,94403,3
110078,30308,2
41326,71639,Not Available
51323,92363,Not Available
70011,6790,1
50677,91367,4
61307,81648,Not Available
100019,32901,4
10029,36801,3
50393,90241,2
50367,94533,2
50022,92501,2
61316,81089,3
50230,92843,4
50549,91360,2
60016,81212,3
110026,30635,3
110105,31768,2
100131,33180,2
10055,36305,4
100023,34452,1
110006,30606,3
100070,34285,2
10061,35768,3
50211,94501,3
10169,36502,4
70010,6610,1
50071,95051,3
70022,6504,2
100253,33458,4
60032,80220,5
50561,90034,3
50396,93102,5
50122,95203,3
60004,80601,4
110002,30286,2
10062,36340,3
31313,85621,Not Available
10065,35010,3
110001,30720,4
100006,32806,4
10114,35021,3
10085,35601,2
10129,36507,2
10047,36033,3
50688,95020,3
50423,92225,3
41302,72834,2
50360,94904,4
60054,81505,3
61306,80821,Not Available
110146,31558,3
50609,92806,5
61314,81625,3
10024,36106,2
41312,72543,4
100063,34652,2
90008,20032,2
50195,94538,4
51329,95453,4
53304,92868,Not Available
100057,32778,3
10036,36420,3
41318,72927,Not Available
100314,33196,4
50135,90028,2
50588,91773,4
110044,31719,2
10073,36251,4
21306,99615,Not Available
60011,80204,2
50174,95405,4
30121,85209,2
61305,80734,Not Available
40027,72653,2
60020,81003,3
100046,33541,2
100238,33709,2
50492,93611,1
50512,94538,Not Available
61322,81201,Not Available
30083,85032,2
60028,80218,4
100126,33707,1
10033,35233,2
30122,85234,4
30093,85375,4
61324,81611,5
51316,96097,2
40072,72160,4
61319,80461,Not Available
10110,36089,3
50039,95926,4
100168,33486,2
100275,33414,1
70005,6721,1
60113,80122,4
50457,94117,3
50038,95128,3
10112,36732,2
50110,93436,2
100230,33024,4
50036,93301,1
61312,80517,4
40016,72205,1
50779,90059,2
50084,95204,1
100118,32164,2
50045,92243,2
50581,90712,2
10023,36116,3
100080,33462,1
50006,95501,2
51304,95338,Not Available
50770,92563,2
50757,92120,5
70031,6418,3
110095,31793,2
50194,95076,2
50397,93210,Not Available
100087,34239,5
100299,34202,3
50746,92705,1
61317,81650,4
50300,92307,3
53300,93636,Not Available
110121,39828,4
50599,95817,3
41314,72042,Not Available
50055,94110,3
30101,86442,2
31317,85344,3
53301,94609,Not Available
50115,92025,3
50063,90027,2
30024,85013,2
100213,34209,1
51325,95437,3
40002,72830,3
51326,95971,Not Available
51301,93561,Not Available
110042,30141,4
50279,92252,1
10090,36608,2
50091,90255,1
40118,72401,3
61315,80759,3
20001,99508,4
100156,32055,4
110150,31061,4
100154,33143,2
110089,31533,3
50351,90509,5
30068,85546,3
30117,86426,3
50689,94583,4
100055,34689,4
100151,32224,4
50781,95472,Not Available
100052,33881,2
100316,32907,4
30094,85308,3
41316,72370,Not Available
61328,81147,Not Available
100246,34950,1
100117,32250,4
100307,32216,3
100086,33064,1
70003,6260,4
50278,91346,2
100135,32308,4
50072,94596,3
50235,91505,1
100248,33770,2
10144,36608,2
100291,32935,1
50076,94115,4
110092,31023,4
50701,92562,2
100050,33012,1
50723,91706,4
50100,92123,5
31312,85603,2
110091,30012,2
40004,72703,2
50167,95231,1
21303,99835,Not Available
110015,30180,3
43300,72202,Not Available
60125,80109,4
50040,91342,3
40047,72455,4
50272,92373,3
100167,33317,3
100043,34698,4
70004,6069,4
30033,85541,4
61308,81140,Not Available
50070,94080,4
50625,90048,5
50485,90806,4
10157,35661,2
100224,33321,2
50376,90502,2
50099,91786,3
50597,91740,2
100322,32696,Not Available
50298,92311,2
20012,99701,4
40036,72117,2
110018,30014,2
50067,95361,3
50140,92335,3
10091,36451,3
50737,91754,4
50152,94109,3
110161,30342,3
41331,72736,4
60015,80228,3
100125,33033,2
60043,80810,Not Available
60096,81657,4
50382,91723,1
50204,93552,2
60023,81502,4
50262,90095,3
100068,32117,4
100329,32765,Not Available
110028,30901,4
30012,86301,3
21312,99723,Not Available
10008,36049,4
100092,32955,2
100284,33155,2
41313,72031,4
110034,30912,1
50030,95966,1
50710,93720,4
50169,90602,2
50236,93065,2
110036,31403,1
100236,33952,1
10006,35631,2
110135,31036,3
50373,90033,2
50506,93405,4
100320,34758,3
50225,95969,4
10120,36460,3
30065,85202,4
30038,85251,4
110039,30904,3
103304,32827,Not Available
100122,32539,4
40051,71655,3
50009,94558,4
100127,33756,3
70019,6460,3
51324,93514,4
50616,93010,2
100069,33614,2
50191,90813,2
61300,81036,Not Available
110003,31501,1
101307,32425,Not Available
40055,72902,1
50239,91206,4
10035,35058,2
50394,93003,3
100035,34208,1
30010,85745,3
100242,32405,3
30043,85635,1
70028,6606,2
50444,95340,1
100288,33407,2
50093,93710,1
30085,85741,2
50042,96080,3
50129,92404,2
50736,91754,2
100313,32456,4
50537,95616,4
100226,32073,2
51321,95448,2
100128,33606,1
50690,95403,4
50189,93930,3
110083,30309,2
40026,71903,1
50291,95403,4
10092,35401,2
100315,32940,4
50128,92056,2
60044,80701,4
10056,35205,4
50686,92505,3
50245,92324,2
10087,36617,2
30087,85260,4
30120,85295,3
10130,35125,4
50243,92262,1
50082,93030,3
110153,31069,4
50441,94305,4
100072,32763,2
21313,99603,4
51311,95948,Not Available
50767,95688,4
40114,72205,1
110100,30434,3
110124,31545,3
50197,94062,5
40029,72034,2
100217,32978,2
50498,95603,4
10102,36726,Not Available
100256,34667,2
50604,95119,3
50131,94945,4
110043,31419,2
50608,93215,2
101300,33873,4
100157,33805,1
100099,33853,1
110079,30303,1
50764,96001,4
60103,80027,4
51328,96161,4
100281,33028,3
41319,71832,Not Available
40020,72401,1
10125,35565,5
30119,85296,5
100049,33870,2
110104,31015,2
70007,6320,4
100166,34233,5
50589,92870,3
80001,19718,5
110064,31901,2
50158,91436,4
100302,34769,2
60006,81401,4
50108,95816,4
21302,99664,Not Available
31315,85938,Not Available
100007,32803,3
10038,36201,3
61303,80723,4
110011,30117,2
50248,93906,2
50517,92392,1
50380,95124,2
60012,81004,4
80007,19958,3
100140,32034,4
51300,96122,Not Available
30062,85901,5
100109,33871,3
40041,72801,2
60008,81101,4
30064,85724,2
60117,81301,Not Available
51308,96104,Not Available
50541,94063,4
10173,35045,Not Available
50773,94578,2
100267,34223,4
100176,33410,3
10104,35243,2
50557,95355,3
100121,33831,2
10089,35502,4
100285,33029,4
40011,72833,4
41306,72519,Not Available
70012,6066,4
50526,92647,1
30103,85054,5
20008,99801,3
100240,33136,Not Available
10019,35660,3
70027,6040,1
100252,34972,2
50089,92411,2
50290,90404,4
101305,32320,Not Available
100012,33901,2
50026,91942,2
110122,31603,3
100025,32504,4
50102,92503,1
110005,30041,2
41320,71822,Not Available
50127,95695,2
110032,30577,4
110125,31021,4
40014,72143,3
61318,80459,Not Available
110031,30223,2
50073,94589,4
110129,31995,5
30023,86001,4
50179,95382,2
110111,30824,4
50641,90023,3
100062,34474,2
10022,35960,4
100048,32565,4
50570,92708,3
100022,33136,1
50761,91356,3
50503,92024,2
50025,92103,2
51334,93023,4
41317,71742,Not Available
30111,85713,2
50069,92868,3
50603,92653,3
50454,94143,4
50776,90806,2
40078,71901,2
60107,80206,Not Available
110076,30033,1
30013,85364,3
21314,99835,Not Available
60022,80909,3
60112,80124,5
10150,36037,4
161306,52205,4
220074,2720,3
210056,21239,4
191311,71322,Not Available
160079,52403,4
110187,30533,3
170027,67124,4
111330,30125,Not Available
170105,67460,4
140164,62902,2
220065,1085,4
160112,51301,4
220035,1970,4
180149,42728,3
150183,47403,3
140115,60613,2
141304,61231,3
171349,66901,Not Available
140034,62801,5
150097,46176,4
191314,71282,Not Available
170058,66701,3
113301,30342,Not Available
140176,60098,4
120004,96786,3
121307,96727,Not Available
140012,61021,4
140180,60622,3
150058,46601,5
210004,20910,2
220015,1060,3
190064,70808,2
220002,2138,4
111305,39837,Not Available
121305,96763,Not Available
140122,60521,5
120014,96766,4
180064,40353,3
161341,50049,4
190040,70458,3
181324,42164,Not Available
150006,46350,3
151301,47394,4
171356,66861,Not Available
190060,70601,3
180104,42003,2
180127,40601,4
131305,83467,4
130018,83404,4
131314,83837,Not Available
210003,20785,1
191313,70438,Not Available
151322,47586,4
171350,67665,Not Available
200001,4401,3
210037,21601,3
131308,83611,Not Available
210063,21204,5
161367,50219,4
180038,42303,4
180019,41056,4
161303,50638,3
150090,46311,3
190020,70791,1
150007,46902,3
171306,67861,Not Available
200063,4856,3
160067,50702,2
171341,66434,3
190098,71103,1
190026,71301,2
191321,70443,Not Available
141345,62881,3
191320,71001,Not Available
141307,62274,Not Available
151316,46041,4
190081,71263,3
150012,46545,3
131317,83861,3
120022,96813,5
141330,61747,5
210017,21550,4
140177,60649,1
140289,62062,3
181305,41649,5
150045,46706,3
200041,4901,4
140064,61401,3
140211,60134,5
190201,70605,3
151319,47670,3
150101,46725,4
140137,62246,3
210024,21218,5
161318,52172,4
180035,41017,4
161316,52175,Not Available
161354,51445,4
111334,30439,Not Available
180130,40207,3
190079,70070,4
140288,60515,4
151331,47112,4
220070,2176,3
171301,67526,Not Available
181323,42347,3
220036,2135,4
130025,83440,5
120011,96819,4
161339,50677,5
150076,46563,4
141335,60033,3
161353,50511,2
180050,40831,1
111328,31791,Not Available
191322,70548,Not Available
160047,51503,4
190025,70554,4
110184,30134,4
171336,67560,Not Available
141332,62049,2
210027,21502,2
150042,47591,4
161345,51249,4
201302,4543,3
201305,4619,4
210051,20706,3
191305,70071,3
150181,46037,4
131303,83252,Not Available
191306,70775,Not Available
140046,62864,3
161330,50025,Not Available
141324,62930,2
151312,47960,3
161369,51442,2
141310,61342,4
140001,61520,3
210038,21201,2
160147,50112,3
140082,60640,1
170039,67152,3
140135,62526,5
141331,62832,4
141312,61068,4
140184,62959,2
160101,50314,2
190019,71301,3
111316,31830,Not Available
140181,60617,2
190202,70816,3
191316,70760,Not Available
161360,51041,3
190039,70072,3
220020,2721,3
131313,83422,Not Available
140186,60901,4
190046,70115,4
200019,4005,2
171330,67554,Not Available
171360,67455,Not Available
141308,62263,4
141334,62966,3
180092,40391,3
161349,52349,Not Available
140048,60617,3
161337,52565,Not Available
140224,60657,4
170013,67601,4
210030,21620,2
140100,60099,5
201315,4268,3
180025,40004,3
151317,47441,3
131301,83805,Not Available
161315,52591,Not Available
171327,67439,Not Available
160040,50613,4
160058,52242,3
140251,60634,2
171310,67756,Not Available
170103,67114,4
190177,70433,3
131307,83672,Not Available
111314,39823,Not Available
161351,51334,4
140158,60616,1
181319,40143,3
180138,40031,4
171370,67735,Not Available
171366,67058,Not Available
140116,60050,5
171319,66436,Not Available
150072,46947,4
151303,47265,3
150065,47274,5
111332,31643,Not Available
110198,30076,2
111300,39840,Not Available
161356,52641,4
150169,46256,3
171373,66749,2
111302,31014,3
171351,66968,Not Available
180102,42003,3
220080,1844,4
171364,67473,Not Available
220063,1854,2
171309,66956,Not Available
161340,50144,Not Available
121306,96746,Not Available
170109,66071,4
181331,41647,Not Available
171384,66801,3
180001,41075,3
190263,70508,4
150112,47201,4
200034,4240,4
210016,20912,3
161312,52052,Not Available
121302,96755,Not Available
161364,52556,3
130014,83605,4
110201,31210,4
140049,60302,1
181308,40383,Not Available
141321,62812,2
131321,83522,2
160032,50208,3
140062,60463,5
170014,66067,4
220012,2601,5
170020,67502,2
150146,46755,4
151329,47006,4
210044,21204,4
141333,62681,Not Available
141341,62557,3
180088,40202,2
161372,50036,3
161324,51640,Not Available
150009,47130,3
210028,20650,3
151310,46992,4
150004,46320,3
170146,66112,5
150091,46750,4
210006,21078,2
180043,40962,4
110225,30143,3
131324,83213,Not Available
190133,70648,Not Available
190017,70570,3
140209,61636,4
180029,41701,2
161362,51012,3
120026,96701,4
140008,60160,3
140240,60160,2
180021,40977,3
171375,67420,4
170150,67005,3
210013,21223,2
170142,66502,3
130003,83501,4
111324,30546,4
220052,2302,2
110229,30265,4
191319,70525,Not Available
140019,62565,4
150084,46260,4
150015,46360,3
190125,71201,4
220008,2703,2
141344,62439,3
171317,67547,Not Available
111327,31510,4
120001,96813,5
150158,46123,5
120002,96793,3
150011,46952,3
170145,67337,3
210018,20832,3
141350,62056,3
190014,70380,2
180002,41858,3
181320,42078,4
190146,70006,4
140143,61362,4
151307,47993,3
141305,62321,3
110215,30214,2
181316,41749,Not Available
161376,50022,4
210049,21014,3
151311,46072,5
140213,60451,5
150048,47374,4
140053,62769,3
180101,40324,4
181304,42211,2
171379,66846,Not Available
191315,71465,2
220029,1950,4
151302,47348,4
140114,60625,3
170012,67401,3
180018,40351,3
190015,70403,3
141339,62568,4
171355,67672,Not Available
113300,30322,Not Available
111326,31635,Not Available
220046,1201,3
210065,20876,3
210012,21215,3
180040,40202,1
160013,52761,4
161302,50525,3
140185,62226,3
220030,1069,5
160104,52722,3
151315,46703,3
171337,66547,Not Available
171340,67449,Not Available
210032,21921,3
190114,71040,4
160057,52655,3
140179,60805,2
190090,71483,3
131315,83530,4
181310,41008,3
210062,20735,2
110190,31063,Not Available
140206,60622,1
180036,41101,2
190111,71103,5
161327,52537,Not Available
160080,52732,4
150056,46202,3
200039,4330,4
161314,50115,3
141336,62249,4
180087,42718,2
181314,42749,4
191302,70517,Not Available
161344,52353,3
150104,46052,4
161321,51246,Not Available
200008,4101,5
110230,30097,5
160153,51101,1
170122,67214,4
140275,61282,2
170074,66441,3
171331,67070,Not Available
140208,60453,3
210033,21157,3
151332,47240,3
210022,20814,4
171307,67730,Not Available
120005,96720,4
140217,60123,3
220017,2124,2
190274,70065,2
140148,62781,2
121300,96796,3
140252,60005,4
110192,30078,2
191308,70346,Not Available
141342,62906,4
150074,46219,4
150126,46307,4
150035,46383,4
171362,67701,4
181327,42025,4
181301,40336,4
220011,2138,3
180069,41503,2
220073,2780,2
170137,66044,3
140130,60045,4
170185,66213,5
171334,67104,Not Available
161378,52040,Not Available
181315,40484,Not Available
131319,83350,Not Available
170017,67042,3
170175,67801,4
181312,40359,Not Available
190041,71105,4
181330,42642,3
150021,46845,3
180048,40422,3
160008,52632,2
201310,4009,4
180067,40536,3
171353,67661,Not Available
140166,62521,3
140040,61401,3
150149,47630,4
200021,4011,3
220066,1104,2
200020,3909,4
111304,30650,Not Available
110234,31639,Not Available
150086,47025,3
180143,40509,3
171363,66508,3
151305,46996,4
140167,60970,2
161348,50213,Not Available
180115,40456,4
171333,67544,4
161370,50583,3
150167,46845,Not Available
170068,67901,4
161329,52060,Not Available
140223,60068,4
140291,60010,4
160122,52627,4
171352,67749,Not Available
160005,51401,4
140068,60628,1
210045,21817,3
171372,67871,Not Available
170040,66103,4
161336,51247,Not Available
210035,20646,3
150010,46904,4
190160,71291,2
140084,60085,2
140127,61761,4
111320,30110,4
191326,71222,Not Available
140150,60612,1
151325,47601,3
190004,70301,3
111329,30642,4
150075,46714,4
171302,67356,Not Available
151309,47834,3
110164,31217,3
191325,70345,2
140077,62207,2
171347,67740,Not Available
140239,61103,2
141325,61443,Not Available
140093,61832,4
161309,51555,4
161347,50616,4
200024,4240,2
180093,42431,2
190027,70601,3
141348,62278,3
171311,67663,Not Available
170049,66061,3
161375,50588,4
120007,96817,3
151326,47842,3
180051,42240,2
150061,47501,4
150082,47747,2
150102,46534,4
110165,30274,1
141329,61270,Not Available
160083,50314,2
180027,42071,3
141316,60942,Not Available
140182,60657,3
151306,47454,3
190102,70508,4
190034,70510,3
210005,21701,5
180004,42345,3
190218,71449,2
111318,31029,Not Available
180106,42602,2
201307,4462,4
171343,67855,Not Available
140110,61350,2
201309,4426,3
140172,60461,1
160045,52402,4
180141,40202,1
141315,62363,3
200009,4102,5
151313,46975,4
161379,52577,3
201300,4614,4
170120,67357,5
161350,51449,4
191309,70422,Not Available
140054,60402,2
201314,4976,5
140187,62220,3
220071,2114,4
150157,46032,4
121308,96790,Not Available
170123,67214,3
150051,47403,5
161311,51023,Not Available
171325,67642,2
190006,70506,3
141343,62454,5
140011,62948,3
150046,47802,2
180024,40033,3
140083,60644,3
200052,4743,5
130028,83201,4
140029,60504,5
210061,21811,3
131304,83211,Not Available
160001,50158,3
140119,60612,5
201304,4609,4
161371,52101,4
181321,42633,3
161335,50644,4
200037,4938,3
180016,40065,3
190205,70508,3
161332,51455,Not Available
200031,4736,3
140292,60139,3
140233,61108,2
131320,83544,3
161359,51040,3
181309,42539,2
150005,46122,5
141317,60936,3
131318,83617,Not Available
210001,21742,4
190044,70526,2
210008,21202,4
160030,50010,5
190208,71254,3
190307,70631,Not Available
140202,60048,5
141326,62859,2
150022,47933,4
140117,60631,4
141301,61856,Not Available
171369,67854,Not Available
150044,47150,3
161374,51537,4
171300,67572,Not Available
180056,42420,3
120006,96734,5
140067,61637,2
161319,52043,Not Available
180053,41041,3
201303,4457,3
180045,41042,2
161363,51566,4
110168,30165,4
160064,50401,4
161320,50674,Not Available
171335,67951,Not Available
220019,1550,3
190045,70433,4
171320,66439,Not Available
190054,70562,2
180116,42066,3
140280,61201,3
160082,50309,4
160033,52803,3
190099,71351,3
180079,41031,3
180105,42167,4
190002,70503,3
141322,62656,4
190036,70121,3
150109,47905,5
210055,20707,1
220075,2114,Not Available
161317,52301,Not Available
151330,46733,4
140290,60194,5
201306,4276,3
150034,46342,3
190313,70127,Not Available
161331,50659,4
190088,71075,4
181317,42717,4
111311,30442,Not Available
220058,1510,3
161366,51601,2
210057,20850,4
191312,71019,Not Available
140276,60153,3
131312,83638,Not Available
130049,83814,4
140059,62052,4
190176,70112,1
161352,51632,4
190242,70737,4
160028,51503,2
161310,50849,Not Available
161328,52136,Not Available
140304,60440,3
180020,40965,2
161326,50273,Not Available
151324,47978,3
140010,60201,5
140200,60126,4
150153,46290,5
151328,47421,4
220024,1040,3
161333,50201,Not Available
150100,47750,3
161301,50421,5
141313,62644,4
140089,61455,3
161343,52057,4
150026,46526,3
160069,52001,4
171308,66725,Not Available
150173,47905,3
180009,41101,2
150162,46237,3
111331,31730,Not Available
141311,62837,3
171361,66935,2
180128,41230,4
150030,47362,5
210002,21201,1
161304,50841,4
150001,46131,4
140125,62040,2
150047,46802,2
171368,67865,Not Available
111303,31064,Not Available
171365,66945,Not Available
140242,60190,4
111312,30467,Not Available
161313,52742,4
131326,83318,4
180046,40361,3
111308,31634,Not Available
131325,83221,4
151314,47167,3
171376,66743,3
191310,70538,Not Available
150113,46011,3
161342,52531,3
151334,47170,4
180103,40503,5
110189,30513,3
141327,62863,4
110236,30742,Not Available
171326,67748,Not Available
190151,71269,2
213301,21205,Not Available
191303,70390,Not Available
140088,60637,3
201311,4654,4
191324,70394,5
181329,40403,4
210019,21801,5
190236,71111,4
220077,1199,4
140147,62450,3
210029,21224,3
171329,67022,Not Available
170176,66215,3
140101,60450,3
161323,50461,3
190167,70586,5
140174,60506,4
151327,47882,3
220016,1301,3
140113,61801,3
151318,46970,2
180012,42701,3
170016,66606,2
140300,60615,Not Available
140281,60611,4
140091,61801,3
151335,47421,3
180070,42754,4
150064,47331,3
131327,83843,4
171371,67432,3
140307,62269,Not Available
131316,83254,Not Available
140133,60629,2
191307,70633,Not Available
190128,70817,2
171316,66032,Not Available
180005,41653,1
161322,50220,Not Available
210009,21287,2
190308,70043,2
130006,83712,5
193300,70118,Not Available
191323,71232,4
161325,50129,Not Available
131311,83647,2
161381,51201,3
130002,83301,4
210048,21044,3
190164,71446,2
140160,61032,3
170200,67235,4
170191,67530,4
200050,4605,5
150059,46060,4
140063,60304,4
210039,20678,4
171359,67879,Not Available
190086,71270,1
210060,20744,2
171321,67864,Not Available
180124,42104,2
151308,46036,Not Available
151333,46135,4
170075,67107,4
140032,62401,4
161358,50060,4
161373,50854,Not Available
140058,62650,3
170110,67880,3
150057,46158,5
131309,83276,Not Available
170182,66209,3
150125,46321,4
190007,71457,4
141340,60548,4
210023,21401,4
140043,61081,4
190013,70663,4
140231,60540,4
171345,67550,Not Available
161307,50423,3
141347,62626,4
190312,70427,3
150017,46804,2
190005,70112,2
141318,61462,3
111336,30525,Not Available
201313,4967,3
161346,51250,4
220049,1752,2
190118,71052,3
150161,46032,5
131322,83263,Not Available
151320,47371,4
171346,67003,Not Available
110194,39845,3
161300,51245,Not Available
140120,61554,2
190106,71463,3
161305,50574,Not Available
160024,50316,4
180013,42101,1
171383,67156,3
110226,30058,2
170094,66839,5
180049,40475,3
160124,51360,4
161355,50138,2
121304,96731,Not Available
171354,66521,4
161380,50126,Not Available
220060,2360,4
181318,42135,3
171339,67045,Not Available
190183,70363,4
171358,67456,Not Available
171374,66736,4
170006,66762,2
150088,46016,3
190184,71418,4
191301,71241,3
160117,52001,4
141319,61254,4
190011,71202,3
131328,83864,4
130007,83706,3
111313,31024,3
141351,62839,2
161338,50662,Not Available
180139,41339,2
111323,30453,Not Available
150023,47804,2
180078,41240,4
171323,67578,Not Available
180095,42064,3
180132,42503,2
180044,41501,1
170023,67846,2
220031,2118,3
210043,21061,1
171378,67068,3
151304,46173,4
150018,46514,3
171328,67467,Not Available
120019,96750,3
161308,50441,Not Available
150024,46202,4
150002,46402,3
181325,42743,1
160110,50703,3
123300,96826,Not Available
180066,42276,4
190204,70461,3
180011,40741,3
140162,61701,5
161365,50801,4
110177,30909,3
160016,50501,4
170009,66048,5
141337,61356,3
140234,61354,4
111319,30233,Not Available
180017,42141,2
141323,62960,4
161334,50548,Not Available
191317,71251,Not Available
111325,30673,3
140197,60640,2
161368,51031,4
181306,42437,4
141338,62233,3
171380,66720,3
150150,46825,4
171348,67654,Not Available
150037,46140,3
161361,50595,3
201308,4730,2
110191,30281,1
170104,66204,4
220001,1453,4
140033,60085,Not Available
140155,60901,3
150008,46312,4
141303,61727,Not Available
190008,70360,4
181307,41472,Not Available
140030,60123,5
210040,21133,3
131310,83338,Not Available
160029,52245,5
220033,1915,4
181311,41097,3
171314,66097,Not Available
191300,70441,Not Available
140065,60525,5
141309,61530,4
191304,71082,4
181322,42445,2
181328,40906,1
190050,70634,4
210034,21225,3
190140,71295,3
160146,51104,1
181302,40330,Not Available
140103,60621,1
190065,70806,2
151323,46761,4
151300,46506,5
170133,66048,3
190053,70546,3
121301,96777,Not Available
171315,66538,4
150133,46580,3
111310,31008,3
171381,67410,Not Available
111333,31539,3
331311,13365,4
161357,50536,Not Available
140013,61614,2
170197,67002,5
140095,60623,2
170086,66604,3
150115,47546,5
111306,31329,4
121303,96748,Not Available
271320,59923,3
220176,1608,3
250100,39701,2
230092,49201,4
230097,49684,4
320009,87102,4
330231,11432,1
271336,59937,4
241347,56220,Not Available
250001,39216,1
260091,63117,3
251327,39083,2
301311,3264,3
320038,87301,2
330264,12550,2
240022,56187,4
330267,10567,2
281311,68939,Not Available
321305,88260,4
310016,7306,2
330158,10901,1
270017,59701,3
261303,64446,Not Available
241375,56058,Not Available
241351,56283,4
250025,38821,3
240166,56031,3
261306,63556,Not Available
230108,49930,3
320018,88011,1
290053,89113,1
330285,14642,1
260025,63401,2
241301,56623,Not Available
241352,56087,Not Available
251318,38771,Not Available
330238,14437,3
281332,68632,4
330279,14220,1
271331,59872,Not Available
271302,59324,Not Available
261313,63552,Not Available
250082,38704,1
240040,55746,3
241340,55705,Not Available
250126,38668,3
241316,56628,Not Available
310084,8701,4
240080,55454,3
301310,3570,3
241360,56636,3
330003,12204,3
330193,11355,1
261328,64402,3
231332,49079,4
270032,59501,3
230239,49783,4
281341,69337,4
231308,49862,Not Available
250031,39183,1
231304,49868,3
271340,59840,4
330013,12208,2
260176,63122,2
260022,63501,3
330277,14830,4
270023,59804,3
230003,49464,5
241377,56520,3
240059,55033,4
230176,48183,4
220083,2494,4
230222,48670,3
330286,11795,1
230270,48180,3
251300,39074,Not Available
230146,48192,2
270089,59716,Not Available
271327,59327,Not Available
330153,12308,2
310058,7652,2
330046,10019,3
330350,11203,1
300019,3431,4
340008,28352,4
310111,7728,3
330004,12401,1
261322,64024,Not Available
231329,48723,3
250069,39301,1
241372,56256,Not Available
330268,12043,3
300020,3060,4
260006,64506,5
241369,56013,3
230078,49098,4
261316,65605,4
330128,11373,1
260177,64069,3
280023,68803,4
220177,2554,4
241323,56062,Not Available
280132,68123,2
330232,12180,2
281318,69336,Not Available
310002,7112,2
251319,39095,2
280065,69101,3
240036,56303,5
330096,14895,2
240010,55902,5
261338,64836,4
240038,55102,4
280125,68701,3
240093,56001,4
300005,3246,2
330009,10456,1
330008,14569,2
250138,39232,3
230227,48043,2
241335,55981,4
330396,11206,1
231319,49913,3
330019,11229,2
260175,64735,4
260110,63701,2
240076,55313,4
290021,89106,1
330395,11691,1
281307,68066,Not Available
301312,3894,4
301306,3235,4
290001,89502,1
331319,14103,Not Available
230054,49855,3
330047,12010,2
240064,55744,4
290032,89434,1
271330,59019,Not Available
241348,56178,Not Available
230303,49660,4
310113,8050,4
230100,48764,4
260096,64116,3
300012,3103,4
250012,38635,3
230193,48446,2
330223,13662,2
331318,13619,3
231328,49010,4
330157,13601,2
271338,59034,3
241354,56482,4
230302,48322,2
281305,69145,Not Available
230077,48601,1
271335,59711,3
330080,10451,1
270086,59405,3
271303,59858,Not Available
260078,65775,2
331309,13607,Not Available
310108,8818,2
270057,59715,4
310012,7450,4
230069,48843,4
261329,65708,4
251316,39355,Not Available
271347,59301,2
270014,59806,5
241336,56728,Not Available
320063,88220,3
330307,14850,2
231327,48813,3
330229,14048,2
280020,68510,3
241381,56701,3
330164,14620,3
230041,48708,3
241320,56716,3
340001,28025,3
241343,56241,4
240057,55407,3
230244,48135,3
230058,49738,4
340010,27534,2
330107,11901,2
310022,8043,4
271308,59218,Not Available
240050,55092,4
310130,7675,3
241339,56136,Not Available
300001,3301,4
250009,38834,2
241329,56479,4
231309,49953,Not Available
230059,49503,4
250123,39503,2
240106,55101,4
281353,68862,3
330331,11803,2
230024,48235,1
270012,59405,4
260094,65615,3
330224,12401,Not Available
260210,63118,2
280130,68130,2
261308,63664,2
281324,68305,4
310021,8629,2
330162,10549,3
271345,59457,3
241330,56352,Not Available
281358,69343,Not Available
260186,65065,3
220135,2540,4
241367,55051,4
230156,48106,3
320030,88210,2
241302,56183,Not Available
291308,89445,3
330163,14094,2
321306,88345,5
260062,64154,4
251323,39117,4
310070,8901,1
260113,63801,4
251303,39577,Not Available
230180,48617,4
250050,39759,3
290012,89015,2
241373,56573,5
330246,11777,3
300014,3867,5
330061,10708,3
330102,14217,4
330276,12078,4
320016,88061,4
260163,63640,4
330126,10940,3
260017,65401,3
260070,63851,1
330185,11777,3
261334,65351,Not Available
230022,49036,3
260077,63128,2
230029,48341,4
251308,38863,4
330208,10701,3
250067,39773,4
330135,12771,4
240018,55066,4
260095,64057,1
231321,49849,4
330005,14210,2
291300,89415,2
331314,14527,3
241328,56621,Not Available
251306,39476,Not Available
230133,49735,4
240100,56601,3
220108,2186,3
231307,49946,3
240002,55805,4
290022,89119,1
231320,49455,3
330250,12901,3
260190,64063,3
310051,7902,4
330196,11235,1
280032,68901,4
260065,65804,4
251325,39428,2
330115,13421,3
330144,14810,3
310064,8401,4
250141,38671,1
280003,68506,4
330094,12534,2
260040,65807,3
320003,87701,3
271342,59263,Not Available
241327,56085,Not Available
330141,11772,2
301300,3576,3
330180,12180,2
241341,56208,Not Available
281356,69140,Not Available
320033,87544,3
271309,59349,Not Available
330259,11570,1
330106,11030,3
330169,10003,2
260027,64132,2
261307,64628,Not Available
220110,2115,4
241309,55072,Not Available
251333,39470,Not Available
281342,68410,3
260059,65536,3
260052,63090,5
241364,55720,4
330205,10990,2
230217,49068,5
331302,12932,3
241378,56073,4
310003,7047,2
340014,27103,2
231326,48879,4
330191,12801,3
260001,64804,3
260047,65102,4
230117,49048,4
271311,59520,Not Available
280081,68122,3
241353,56441,3
230130,48073,3
330090,14905,2
281330,68359,Not Available
310118,7094,2
270004,59101,4
301307,3860,3
231317,48850,4
261324,64701,3
240069,55060,4
251302,39730,Not Available
241380,56470,3
241371,56156,4
261305,63565,Not Available
240101,56501,4
241303,56175,Not Available
300023,3833,4
310115,7840,2
230020,48124,4
281308,68371,Not Available
331305,13753,Not Available
230046,48109,4
300003,3756,4
241337,56762,Not Available
271313,59011,Not Available
301301,3785,4
231305,48658,4
230019,48075,4
260074,65270,4
240141,55371,4
241312,55723,Not Available
330151,14843,4
281306,68959,Not Available
230207,48342,2
260085,64114,4
250038,39046,2
330203,13210,2
231310,48755,4
240075,56401,4
330065,14302,2
240044,55987,4
310086,8084,3
290047,89148,2
281348,69022,Not Available
330033,13815,3
320011,87532,4
230070,48602,2
241308,55616,4
260216,64086,4
330078,14214,2
231315,49047,4
230275,48603,Not Available
320086,88201,3
230037,49242,3
271326,59068,Not Available
280061,69361,2
260104,63044,2
241334,56082,Not Available
241338,55041,Not Available
250078,39404,1
250043,39350,3
260061,64772,4
310061,8046,1
330222,12866,4
340015,28144,2
231313,48441,Not Available
330261,10591,3
231314,48471,3
330188,14092,3
250124,39111,3
310048,8876,3
260097,64093,3
290008,89801,3
310005,8822,4
330175,13045,3
241319,56172,5
281320,68818,3
250048,39216,3
261315,63628,Not Available
241332,56101,3
330265,14432,2
250079,39159,Not Available
240020,55008,4
310047,8244,4
310052,8724,3
310092,8638,2
271316,59230,4
220086,2215,3
340020,27330,2
261312,64424,Not Available
313302,8053,Not Available
310001,7601,3
260034,64730,3
220084,1742,4
260011,65109,4
241305,56431,4
330104,10960,2
230208,48811,4
271344,59270,3
251336,39090,3
310083,7018,1
281339,68434,4
260191,63376,2
331317,13367,4
240014,55057,4
260023,63019,2
330215,13440,2
321301,87801,Not Available
241349,56362,Not Available
240043,56007,5
331310,12428,2
261332,64633,Not Available
231316,48726,4
230053,48202,1
330045,11743,3
310027,7207,1
231300,49635,Not Available
220126,2062,3
230254,48307,4
330086,10550,2
330073,14020,3
260193,64014,4
291304,89419,Not Available
321300,87901,Not Available
271300,59255,Not Available
330219,14215,3
281343,68713,Not Available
221303,1331,3
220111,2301,2
230141,48532,1
330399,10457,1
230072,49423,5
250128,38606,3
281321,68045,Not Available
240210,55109,2
330234,10595,1
320022,88101,2
330111,14141,2
281355,69153,3
271343,59860,4
231311,48427,Not Available
270049,59101,4
230047,48038,3
271329,59729,Not Available
330182,11576,4
310069,8318,4
330044,13503,1
330101,10065,4
320067,88435,Not Available
251324,39667,Not Available
310073,7754,3
260081,63026,3
230167,48910,3
330408,13838,Not Available
330340,11968,2
230144,48198,Not Available
261330,63670,3
310008,7666,5
240004,55415,2
330084,12953,2
271332,59330,Not Available
270051,59901,5
290019,89703,3
251331,38916,3
260005,63301,2
301305,3766,Not Available
271328,59474,Not Available
220095,1440,3
261310,63555,2
261317,65625,Not Available
250058,39440,2
330125,14621,3
291311,89048,4
250007,39530,1
291307,89027,4
330074,14424,2
261302,63645,Not Available
263302,64108,Not Available
290054,89149,1
260004,65233,3
241326,56347,Not Available
220090,1757,3
241363,56267,3
220119,2130,5
251322,39365,3
291301,89451,Not Available
260080,63935,3
300034,3102,5
250017,38851,Not Available
260138,64111,5
243302,55404,Not Available
321304,88415,Not Available
260050,64468,4
251314,38646,Not Available
291313,89406,Not Available
220116,2111,3
251315,39051,3
230216,48060,3
280077,68025,3
260219,63368,3
230151,48336,2
340013,28139,3
241357,56542,Not Available
310028,7860,4
330201,11203,1
261319,63379,3
330023,12601,1
330011,13905,2
331315,13642,Not Available
260200,63367,3
261309,64683,3
271334,59522,Not Available
241374,56164,Not Available
330103,14760,2
320002,87505,3
230236,49519,4
290046,89118,1
321308,87020,3
231324,48827,4
310032,8360,2
310017,7444,2
260179,63017,5
241361,56071,4
250040,39581,1
271341,59201,Not Available
241359,56258,3
340003,27030,4
330332,11714,2
260048,64108,1
320065,88240,2
330401,11787,3
250099,38930,1
291312,89008,Not Available
281362,68949,4
330006,10701,1
330043,11706,2
331307,13690,Not Available
241304,56296,Not Available
250044,38829,4
271319,59749,Not Available
330027,11554,1
260064,65265,4
340004,27261,2
261311,63775,4
241342,56278,3
251305,39654,Not Available
231331,48846,4
330273,10512,3
330394,13903,2
281359,68008,4
281357,69162,3
330127,10461,1
280129,68144,Not Available
330218,13126,3
220098,1432,3
240056,55387,3
261337,63080,3
241370,56345,4
331306,12883,Not Available
251313,39194,3
240053,55426,4
281365,68822,3
231334,49286,4
301304,3257,3
281325,69210,Not Available
310074,7302,1
241321,56240,Not Available
310029,8103,3
240187,55350,4
231312,48884,3
260162,63141,5
330239,14701,1
340016,28779,3
240088,56201,4
230104,48201,2
290049,89521,2
310024,7065,2
340017,28791,5
330226,14626,4
260057,64429,2
240207,55337,4
330030,14513,2
261333,63353,4
250096,39042,3
231318,49935,4
330214,10016,5
310040,7030,2
290007,89102,1
290039,89128,2
250085,39429,3
220100,2190,2
271315,59526,Not Available
300018,3820,4
271310,59337,Not Available
230241,48054,4
260119,63901,1
330233,11212,1
220101,2462,5
241366,55355,Not Available
220163,1655,1
310039,8861,2
310112,7733,3
271324,59425,Not Available
320084,88130,3
230075,49017,4
230195,48093,1
241322,56649,Not Available
260180,63136,2
291303,89820,Not Available
320074,87114,4
331313,14865,Not Available
230015,49093,3
300011,3060,5
280040,68114,2
240115,55433,4
330211,13669,3
260105,63110,1
320004,88310,3
301303,3584,4
271337,59427,Not Available
230085,49090,4
220175,1701,3
281313,69138,Not Available
310081,8096,2
241356,56359,3
231337,49829,4
320017,87109,4
230089,48230,5
320021,87106,2
260102,64139,3
330108,14902,4
271318,59725,4
250162,39521,4
310076,7039,3
231306,49781,4
281304,68370,3
251304,38921,Not Available
310119,7101,1
241344,56751,Not Available
240214,55369,4
271307,59422,Not Available
250042,38614,2
230040,49058,2
260015,63857,3
250081,39301,Not Available
250002,38852,4
231301,49646,Not Available
330140,13203,3
240104,55379,3
250072,39204,2
271312,59538,Not Available
241362,55362,4
321310,87571,5
260068,65201,5
250117,39466,3
271305,59215,Not Available
230017,49007,5
241350,55767,Not Available
250093,38732,3
330056,11201,1
251335,39328,Not Available
261320,64067,3
250019,39502,3
240071,55021,4
330202,11203,1
230165,48236,2
281350,68450,Not Available
240001,55422,3
290009,89503,4
330167,11501,2
330166,14787,Not Available
330057,12208,3
310015,7962,5
230005,49221,4
230080,48858,3
330197,13676,3
321307,87740,3
330160,10305,1
230081,49601,5
271322,59254,Not Available
231338,49412,4
241365,56215,Not Available
330241,13210,1
250168,38901,2
330028,10304,1
330184,10802,2
241315,56143,Not Available
250167,38654,4
310050,7834,2
281322,68788,4
280105,68046,4
241345,56093,Not Available
230035,48838,5
330194,11219,2
261321,64601,4
330204,10016,1
240006,55904,4
291309,89005,2
230038,49503,4
301308,3743,4
330119,10021,2
250020,39744,2
271306,59645,Not Available
330240,10037,1
281329,68763,3
261301,64724,Not Available
310041,8755,2
230036,49707,4
290005,89030,2
250034,38655,4
271323,59859,Not Available
230099,48162,2
251329,39451,Not Available
260137,64804,2
291302,89301,Not Available
230259,48118,5
230055,49801,4
260227,63901,3
271325,59864,3
241317,55604,Not Available
241346,55009,3
250095,38751,3
310045,7631,3
250004,38801,2
261325,64759,4
280111,68601,4
240052,56537,4
240030,56308,5
320089,87144,3
281333,68714,Not Available
261314,65041,Not Available
331316,13346,4
331312,13856,3
241313,56510,Not Available
281345,68787,3
330235,13021,1
241311,55307,Not Available
250036,39452,4
310060,8865,5
271317,59047,3
231333,49938,4
241325,56265,2
330079,12983,4
281323,68661,Not Available
290003,89109,1
300017,3038,3
330199,10029,1
250104,39301,2
240066,55082,5
281328,68826,4
330221,11237,1
283301,68114,Not Available
251317,39114,2
251312,38967,Not Available
301302,3561,3
320005,87401,3
310025,7002,1
251334,39735,Not Available
251330,39653,Not Available
250102,39202,3
320085,88011,2
310006,7055,2
310075,7740,4
230118,48413,4
260209,65251,3
241314,56232,Not Available
310057,8060,2
310019,7503,1
271314,59722,Not Available
271301,59313,Not Available
271346,59072,Not Available
230093,49307,4
280060,68124,4
230066,49442,4
233300,48201,Not Available
230021,49085,4
230096,49091,3
330245,13501,1
321302,88401,Not Available
230142,48184,2
330059,10467,1
230095,48661,3
301309,3458,4
223302,2115,Not Available
320006,88201,2
250094,39402,3
281310,69154,Not Available
240078,55435,5
320001,87106,1
251326,39474,Not Available
330014,11418,1
330236,11215,1
330270,10021,5
241318,55731,Not Available
331304,12455,Not Available
260160,63841,2
230002,48154,3
220105,1890,5
310014,8103,2
250077,39367,3
320061,87301,2
241376,56334,4
241355,55336,4
260024,65483,3
300029,3801,3
340002,28801,5
231330,48453,4
261327,64085,3
260009,65302,3
261323,64744,3
221302,1230,5
261331,64850,Not Available
360035,43222,3
330088,11944,4
230230,48912,3
241368,56378,Not Available
231325,48624,4
271333,59644,Not Available
381322,97444,2
410001,2860,3
430015,57501,4
381312,97423,3
351316,58367,Not Available
360079,45429,3
450085,76450,3
371320,74020,Not Available
420055,29574,2
371329,73737,Not Available
450119,78539,3
390097,19046,4
410007,2903,2
390147,15063,4
371300,74525,Not Available
370156,73075,4
430077,57701,4
390084,17801,3
360153,43906,Not Available
360234,45211,5
371302,73772,Not Available
341307,28425,Not Available
390072,18603,2
361332,45133,3
370180,74820,4
360210,43015,4
440137,37160,2
380018,97504,5
360211,43952,4
440148,37166,3
440018,37643,3
370172,74571,4
371326,73446,3
440063,37604,2
370022,73523,3
421301,29620,4
370114,74104,1
360074,43560,3
380082,97222,3
420051,29506,3
371328,73086,5
381308,97338,Not Available
370149,74804,3
380102,97477,2
390100,17604,5
450054,76508,3
340131,28560,5
410005,2904,2
370112,74955,4
440153,37821,3
360175,45177,3
390184,15425,3
340053,28233,2
431325,57601,4
420037,29681,4
380091,97015,4
391300,17740,5
380103,97124,4
450130,78205,3
390157,15136,2
440102,37334,3
370203,73159,5
370166,74467,3
391302,15552,3
351307,58318,4
450011,77802,4
361307,44041,5
360197,43311,3
361316,44820,3
390203,18901,5
370004,74355,3
360192,44024,4
440010,38485,3
360179,45242,4
360155,44130,5
351325,58730,Not Available
420086,29220,2
390119,18510,1
381314,97365,3
340159,27573,3
370083,74523,2
360009,45804,3
351321,58495,Not Available
380060,97216,4
360056,45014,4
360180,44195,5
440104,37403,1
351301,58784,Not Available
440053,37129,2
390267,15146,3
370211,73099,2
431322,57747,Not Available
360020,44309,2
420027,29621,3
361314,43452,4
440049,38104,2
431302,57442,Not Available
390008,16117,4
420083,29307,2
363302,44106,Not Available
370227,74055,4
431311,57274,Not Available
440131,38019,4
440197,37211,3
380004,97225,5
390027,19140,2
361302,44621,Not Available
391316,16901,Not Available
360123,44145,5
371334,73015,Not Available
360270,43512,5
380071,97128,4
390112,15963,4
440025,37745,2
390231,19001,3
360039,43701,4
390198,16509,3
390256,17033,4
390145,15601,3
360134,45220,4
340050,28359,1
390115,19114,3
390263,18017,4
380037,97132,4
420007,29303,2
431337,57362,Not Available
441305,37083,4
420005,29536,4
431317,57059,Not Available
340142,28557,3
450097,77504,2
371316,74079,Not Available
390110,15905,2
351333,58301,4
410013,2891,4
390048,17044,3
390265,15025,3
450128,78596,4
450108,78114,4
440002,38301,2
370056,73505,2
390328,15146,3
391301,17756,4
390228,15243,4
390006,17822,2
441319,38551,Not Available
431329,57325,Not Available
440030,37814,3
450051,75203,3
440181,38008,3
390107,15237,4
440068,37371,3
380033,97401,2
440189,38305,2
360090,43537,4
341319,28712,4
441309,37091,4
371335,74462,2
351311,58054,4
420089,29464,5
360001,45255,5
440176,37660,3
390217,15666,3
340120,28349,3
371322,73932,Not Available
340151,27870,3
351329,58045,Not Available
450035,77002,2
340032,28052,4
351310,58545,Not Available
450015,75235,1
390031,17901,1
340147,27804,1
360359,44122,4
390061,17604,3
440070,38363,2
340071,28334,2
360159,45601,4
450068,77030,2
440058,37398,3
370091,74136,4
390220,19390,3
420087,29401,5
390076,19320,2
450056,78705,3
350015,58506,3
420073,29169,5
431308,57437,Not Available
450028,78520,3
440081,37862,2
380040,97756,4
351313,58623,Not Available
371312,74066,3
380090,97420,2
361319,45750,Not Available
360071,45891,3
420068,29115,2
370006,74601,3
370113,74344,4
390042,15301,3
440039,37232,2
371336,73858,Not Available
440173,37923,2
340027,28501,1
360084,44710,5
360011,43302,3
340126,27893,2
441314,38063,4
391305,16947,3
440184,37604,5
350002,58501,4
391309,18847,3
370201,73129,Not Available
390329,19403,4
340028,28302,3
381301,97424,4
340158,28462,3
340123,27204,3
371305,74048,Not Available
370234,73135,3
390114,15213,4
370178,74960,4
431301,57438,Not Available
360236,45103,4
431306,57369,Not Available
370030,74631,3
390164,15213,2
440057,37879,2
360095,45840,4
340073,27609,4
393302,15224,Not Available
360054,45631,2
391312,15825,4
360044,45331,3
421303,29556,Not Available
420020,29440,3
371337,74953,Not Available
351327,58341,Not Available
380061,97213,4
450037,75601,3
380056,97383,3
370001,74104,1
340041,28645,3
361312,43078,3
380021,97123,4
450055,79556,4
340037,28086,5
361333,43567,4
390290,19102,1
360218,43055,3
340099,27910,2
361309,43545,4
351302,58854,Not Available
420067,29902,4
390125,18431,2
420078,29605,3
370225,73013,Not Available
340155,27704,4
440034,37830,3
440032,37857,4
360075,44143,4
450040,79410,4
381302,97367,3
450102,75701,5
390153,19301,5
360132,45013,3
341311,27344,Not Available
430048,57783,4
390016,16105,2
340068,28472,3
381316,97439,4
371307,73933,Not Available
440040,37096,2
390001,18510,2
430005,57201,4
360172,44053,4
390057,18960,5
340109,27909,2
360096,43920,3
410012,2906,4
370057,74447,3
390062,16673,4
360092,43040,4
340115,28374,4
440083,38556,4
370037,73101,3
380002,97527,5
350011,58122,3
390019,18071,Not Available
380022,97321,3
370237,74301,Not Available
380020,97477,3
381313,97754,4
360143,44125,4
370153,73651,2
360002,44805,4
391303,17233,4
443303,37916,Not Available
371306,73448,Not Available
361308,44030,5
450092,78852,4
360029,43402,4
360147,45750,1
420105,29569,2
441316,38320,3
390304,19128,2
341303,27371,5
360151,44646,3
441311,37015,Not Available
381318,97031,4
361330,43138,3
360036,44691,4
340114,27607,5
420049,29526,3
360059,44109,2
431313,57029,Not Available
360163,45219,5
370078,74127,2
390073,16601,1
380075,97504,3
370236,73034,3
340098,28210,5
450021,75246,3
450010,76301,3
340187,27028,Not Available
420104,29466,5
351314,58533,Not Available
340130,28112,2
351304,58575,Not Available
390194,18235,3
431310,57028,Not Available
390162,18042,2
381321,97850,3
350006,58701,2
390113,16335,3
440182,38201,3
390117,15537,4
370215,73120,5
380007,97227,2
390009,16544,2
440015,37920,2
440180,37762,2
441310,37321,2
440035,37040,1
360109,43812,3
390071,17745,4
361300,45879,3
360080,43935,2
351326,58270,Not Available
380027,97471,3
370192,73120,Not Available
370233,74137,Not Available
371321,74848,3
340129,28117,2
440065,37172,3
360189,43140,4
380017,97210,4
380038,97045,4
341318,27932,3
380029,97381,4
390039,15501,3
340042,28540,2
340119,28001,2
450033,78550,4
390173,15701,2
370089,74465,3
360185,44460,2
431327,57066,Not Available
450044,75390,4
340023,28792,4
370100,74743,2
380005,97520,5
441303,37185,3
390116,19401,1
371318,74637,Not Available
380014,97330,3
340141,28402,2
341316,28741,3
371325,73632,Not Available
390090,15224,3
361320,45640,3
440008,38351,4
440232,37061,4
350070,58104,4
390050,15212,1
390045,17701,3
370014,74702,2
390065,17325,4
391306,18801,3
390012,19446,3
370216,74132,Not Available
380051,97301,4
420079,29406,2
351300,58852,Not Available
430027,57117,4
340024,28328,2
370072,74578,Not Available
360072,43130,3
360052,45406,2
371317,73044,4
440048,38120,2
370041,74010,4
421300,29827,Not Available
390138,17268,3
431312,57430,Not Available
360082,44119,4
340106,28345,3
380089,97062,4
391304,17764,Not Available
340107,27886,3
370212,73139,5
420066,29560,2
441313,37869,Not Available
360360,45431,2
370099,74023,4
361322,45817,Not Available
440130,38261,3
440061,38237,3
390201,18301,4
341324,27959,3
391308,16407,3
390096,19605,2
441301,37074,Not Available
360006,43214,3
370094,73110,2
390004,17011,4
370173,74017,Not Available
431305,57313,Not Available
340143,28602,2
420065,29414,5
420071,29646,3
430014,57401,4
420002,29730,1
440084,37874,3
340051,28607,4
440111,37208,2
371301,74864,Not Available
370032,73112,2
430082,57702,Not Available
420033,29650,5
360077,44111,5
390058,17015,4
381304,97411,Not Available
370210,74137,5
420010,29550,2
370199,73120,Not Available
450101,76712,3
390236,18848,3
393307,19134,Not Available
360089,44883,5
360008,45662,3
390222,19063,4
361324,44875,5
420072,29944,3
341317,27016,Not Available
440033,37766,1
340097,28621,3
440228,38133,2
440183,38119,2
390028,15219,2
391307,16686,4
390270,18711,3
340133,27892,2
390178,16125,3
420018,29203,3
390052,16830,3
381325,97838,3
390104,16735,4
381306,97828,Not Available
420043,29340,2
371309,74056,Not Available
340085,27360,2
361313,43338,4
360239,45342,4
381323,97355,3
441306,37367,Not Available
391313,16915,3
430013,57301,5
341305,28713,4
450087,76180,3
431323,57730,Not Available
440200,37190,3
450078,79501,3
370013,73120,4
361334,45690,Not Available
440151,37110,4
340087,28752,5
420101,29927,2
361301,43526,4
390081,19026,2
351315,58474,4
340173,27518,2
341304,27983,4
381309,97630,3
380001,97058,3
450064,76012,3
390160,15317,4
370228,74055,5
410011,2895,3
390330,18360,Not Available
340069,27610,3
431320,57732,Not Available
360041,44129,5
440193,37087,2
390266,16127,4
371327,73763,Not Available
361328,43512,4
371310,73438,Not Available
381315,97814,4
420019,29706,3
360032,45885,5
341328,28906,3
440046,37055,4
420026,29204,4
381303,97138,3
341326,28734,4
351335,58401,4
390326,18045,5
360086,45504,3
440017,37662,1
381317,97141,3
341327,28461,4
340084,28170,Not Available
440029,37067,4
360137,44106,4
390101,17403,3
420048,29020,4
440020,38478,3
370023,73533,3
450029,78044,3
450080,75455,3
340183,28078,4
390037,15143,3
370047,73401,4
360070,44708,4
390046,17403,3
390137,18764,1
431333,57013,Not Available
430095,57108,5
440120,37917,1
371314,73005,Not Available
351336,58601,4
380052,97914,4
441304,37683,Not Available
390139,19010,5
450079,75061,4
360017,43215,2
440125,37916,4
420108,29379,Not Available
370080,73717,3
341329,28777,5
351320,58237,Not Available
360112,43608,2
381320,97103,3
440144,37388,2
390044,19603,4
390070,19007,4
390080,19111,3
381305,97845,Not Available
340039,28677,3
450007,78028,4
380025,97030,3
440150,37076,2
360348,43016,4
370019,73644,2
390003,17815,4
340188,28376,4
450024,79905,2
360152,43228,4
351306,58425,Not Available
360203,43725,3
440011,37804,3
361326,45679,4
370139,73077,3
391315,15857,4
370171,74464,4
430012,57078,4
360010,44622,4
370202,74133,3
370008,73070,3
390056,16652,4
450042,76712,2
360081,43616,4
370026,73701,5
361329,43351,4
340186,27889,4
450124,78701,2
420038,29325,2
390174,19107,4
431316,57469,Not Available
450034,77702,2
440009,38555,3
341325,28640,4
420109,29102,Not Available
380009,97239,4
390068,17543,3
420053,29108,4
360014,45701,4
430097,57402,4
351330,58639,4
390237,18501,2
360087,44113,4
440133,37236,4
390102,15215,4
420082,29801,2
340166,28262,4
450083,75701,3
370016,73701,4
370138,73942,3
440152,38103,2
360141,44501,2
431339,57262,Not Available
430016,57117,3
370158,73080,4
431336,57069,Not Available
440132,38242,4
430008,57006,4
340091,27401,5
340070,27216,2
390118,16701,3
390150,15370,3
361321,43713,5
361311,43907,3
371333,74859,3
361318,44830,Not Available
360027,44307,2
370190,74133,4
351309,58257,3
421304,29824,Not Available
360091,44256,4
370028,73112,4
440194,37075,4
420103,29651,5
370011,73036,4
351332,58368,Not Available
440156,37404,2
381311,97467,Not Available
361315,43326,5
360013,45365,4
431324,57382,Not Available
440007,37355,3
360065,44857,4
390179,19380,5
360058,45828,4
340060,27288,3
340113,28203,4
340064,28659,3
360118,44903,2
410004,2908,1
360016,45236,5
351303,58540,Not Available
450104,78155,3
390091,16346,4
361310,44890,5
450039,76104,3
390035,18951,4
390192,18657,4
390204,19152,2
390223,19104,5
440016,38344,4
360121,43506,3
431307,57226,Not Available
440031,37748,3
370106,73109,4
360150,44223,3
390185,18201,2
440072,38024,1
363303,44308,Not Available
390086,15801,3
450046,78404,3
361303,44254,Not Available
390002,15132,4
370020,74820,2
360259,43616,5
440003,37066,1
360156,43420,5
420107,29520,3
390183,18218,5
351323,58249,Not Available
371304,73460,3
420009,29672,3
390063,16550,2
440006,37207,1
391314,16354,Not Available
340145,28092,4
390041,15401,3
450082,78102,3
360354,45069,4
450058,78205,3
351328,58552,Not Available
380047,97701,4
370220,73109,Not Available
360048,43699,1
370039,74017,3
360125,44004,2
340075,28655,2
360066,45801,4
360358,43110,Not Available
371303,73628,Not Available
440192,38583,3
351324,58072,Not Available
360276,44512,2
341322,28722,4
340061,27514,2
380050,97601,3
410009,2886,3
440159,38118,2
363300,45229,Not Available
360174,45373,3
390026,19118,1
351334,58801,2
361323,44667,4
420091,29505,2
440161,37203,3
351308,58254,Not Available
390197,18102,2
431335,57350,Not Available
440067,37814,2
390130,16646,4
370093,73104,1
390268,16803,4
450090,76240,3
340040,27834,3
390127,19460,2
390133,18105,3
450023,77901,4
340021,28150,3
340116,28601,2
440060,38358,4
360365,44906,Not Available
370206,73134,Not Available
440050,37743,3
370235,74012,5
440110,37772,4
371330,73554,Not Available
371319,74538,3
420070,29150,3
340184,28721,3
440227,37167,3
361331,43160,3
450107,79902,2
370218,74133,3
341314,27962,Not Available
431334,57580,Not Available
360012,43081,5
390225,17522,2
360068,43606,5
390049,18015,4
350019,58201,3
360025,44870,4
360361,45662,3
441307,37030,4
420085,29572,2
390233,17331,3
341315,28337,3
360037,44115,4
360055,44482,3
450018,77555,2
360046,45056,3
360026,45385,3
440091,37404,4
360078,44266,3
440187,38570,2
360161,44481,3
390067,17105,3
340090,27577,4
371338,73550,Not Available
361306,44074,3
370025,74401,2
360170,43113,2
431315,57380,Not Available
431321,57785,4
440059,38501,3
450072,77566,3
360144,44122,5
390199,15767,4
520136,53210,4
381307,97720,Not Available
381310,97836,Not Available
420036,29720,1
420030,29488,3
390211,16146,3
390151,17201,4
370018,74006,2
360085,43210,5
371323,73096,3
360003,45219,2
371324,73834,Not Available
361327,43543,Not Available
420080,29925,2
440185,37311,1
381324,97741,4
390226,19107,2
370029,73601,4
360230,44124,5
420004,29425,2
431331,57022,Not Available
390030,17901,2
440073,38401,3
450002,79902,1
390036,15009,3
360107,44811,3
390142,19141,1
360064,44501,1
440109,38372,3
351322,58413,Not Available
370097,73505,1
370229,74868,4
410010,2905,4
410008,2879,5
520088,54935,3
531308,82834,Not Available
501330,98944,3
520107,54221,5
670109,77521,Not Available
501325,98331,Not Available
451345,79322,Not Available
530008,82501,2
531313,83110,4
451358,79360,Not Available
490084,22560,4
670075,77070,3
521315,54812,4
530025,82072,4
520013,54701,4
451350,79027,Not Available
511313,25130,4
460057,84060,4
450885,75035,3
520045,54956,3
490042,24073,3
450388,78229,4
450154,78840,3
450688,75149,1
451348,76825,Not Available
450656,75961,3
520091,54568,4
450462,75231,4
521312,53530,3
521302,54758,Not Available
490110,24060,2
520048,54904,5
501307,99159,Not Available
491303,24228,Not Available
450370,78934,3
670107,76028,Not Available
450869,78539,4
450713,78704,4
500108,98405,3
511310,25951,Not Available
520017,54729,5
490067,23805,2
450193,77030,2
461301,84631,Not Available
450389,75751,3
520089,53715,5
521319,53534,Not Available
460039,84337,Not Available
520019,54501,4
450844,77070,5
471307,5753,4
453304,77030,Not Available
451386,79029,Not Available
521309,53934,3
470024,5478,3
450508,75961,3
451375,77575,Not Available
501310,99156,3
670069,75070,4
510048,25601,2
450686,79415,2
450451,76043,5
670085,76244,4
450709,77058,4
500001,98133,4
521341,53581,4
451376,77964,Not Available
451301,76932,Not Available
500058,99352,5
511307,26354,Not Available
451317,78377,Not Available
490111,24382,3
450604,78624,5
670005,77339,4
450488,75662,Not Available
450847,77494,4
450718,78681,5
521327,53963,4
670031,77505,5
450672,76104,2
500054,99204,4
451384,79549,Not Available
670059,77384,4
453313,79905,Not Available
520035,53083,5
450894,75235,Not Available
520063,53095,3
511318,25136,Not Available
453302,75235,Not Available
470005,5701,4
531310,82435,3
670076,75090,5
450271,76234,2
501339,98239,3
510070,25801,2
670025,75093,5
521353,54829,Not Available
521334,54981,2
531309,82431,Not Available
670080,76548,3
451381,75494,Not Available
460051,84088,3
670073,75001,5
450155,79045,4
520027,53097,5
451335,76252,Not Available
451330,78861,4
501331,99163,Not Available
450358,77030,5
501321,98855,3
521320,54660,4
500026,98026,2
451382,76442,Not Available
490021,24501,5
451310,76821,Not Available
490098,23970,2
500050,98668,1
450324,75020,3
670023,76063,3
501337,99301,3
521317,53014,Not Available
460021,84790,4
451378,79830,4
450558,79606,3
490130,23061,4
450241,76458,Not Available
501316,98620,3
670117,75140,Not Available
520057,53913,4
451320,77514,Not Available
490048,24153,4
490052,23601,3
460052,84057,4
520066,53548,3
450808,78731,5
500027,98122,5
670113,77338,Not Available
451331,79022,Not Available
490092,23851,2
450820,77479,3
500151,98332,4
531307,82240,3
500077,99208,3
450400,76667,4
490005,22601,3
490018,22939,4
450293,78061,Not Available
521303,54984,Not Available
490120,23320,2
450774,77090,5
450876,79416,4
490075,24541,1
490101,22033,5
450340,76904,4
471302,5089,Not Available
450135,76104,2
670087,78613,Not Available
490115,24333,2
521311,54768,4
500033,98837,3
450209,79106,2
490033,22630,4
521355,54923,4
500072,98362,3
520177,53226,4
501322,99166,Not Available
451337,79241,Not Available
521313,54487,4
520095,53578,5
451367,75686,4
450834,77802,Not Available
670083,75051,Not Available
490050,22205,4
511308,26624,Not Available
510082,26651,2
450132,79761,1
521305,54656,3
450822,75039,3
460044,84094,4
500139,98502,4
450596,76048,3
450236,75482,3
461309,84741,Not Available
480002,820,2
670092,75231,2
453300,76104,Not Available
520009,54915,4
510024,26505,3
451343,76360,4
451349,79088,Not Available
460058,84065,4
460047,84124,3
520109,53948,3
451372,79347,Not Available
531314,82225,Not Available
460060,84020,4
521348,54665,5
501329,98284,3
520059,53105,4
451344,79081,Not Available
450299,77842,4
520193,54311,3
520004,54601,4
670088,77845,4
461335,84713,Not Available
450827,76310,4
531304,82443,3
670060,75182,3
490140,22554,3
511315,26726,4
450684,77338,3
450891,75093,Not Available
490114,24219,2
501340,98250,3
670103,76177,3
460007,84721,4
490127,24614,3
521337,54024,4
520051,53211,4
450200,75501,3
520041,53901,2
450862,77384,2
450431,78705,5
520076,53916,4
490053,24211,1
451352,79252,Not Available
670094,76520,Not Available
530012,82601,3
450668,79902,2
670112,78249,Not Available
450771,75093,3
670058,77479,Not Available
501303,98586,3
450372,75165,5
490145,20166,Not Available
450465,77414,4
490122,22306,5
670043,78613,3
521307,54736,Not Available
451377,79772,3
460003,84102,3
450877,79936,4
450144,79714,3
670099,77380,Not Available
450638,77090,2
460013,84651,4
460026,84701,4
670008,77598,Not Available
501317,98823,Not Available
500060,98223,3
520100,53511,2
450243,79520,Not Available
461302,84532,Not Available
450848,77479,3
500019,98531,4
460005,84405,3
490057,23454,3
490020,23860,2
501314,98624,Not Available
450754,76531,5
490141,22408,3
520083,53715,5
490041,23602,4
670049,75231,5
490116,24301,2
521349,54022,4
490090,23901,4
450678,75218,2
451325,76837,Not Available
670096,77598,2
450653,79720,2
470003,5401,2
490002,24266,3
530006,82801,3
670067,76015,Not Available
521356,54153,Not Available
490107,20190,3
490093,23666,3
450883,76262,Not Available
451351,79373,Not Available
491300,24445,Not Available
500119,99216,4
450867,78759,4
460023,84003,4
511306,25276,3
460001,84604,5
460011,84501,4
531302,82633,4
461300,84624,Not Available
521329,54880,3
670102,77015,Not Available
500049,99362,3
530032,82930,3
450351,76401,3
531315,83101,Not Available
450804,77030,5
470012,5201,5
501334,98816,Not Available
501335,98022,4
501320,98848,Not Available
670034,78664,4
450184,77008,4
510038,26452,3
500031,98520,1
490022,22401,2
450831,77504,Not Available
501311,99169,Not Available
450563,76051,3
451308,79323,Not Available
510077,25661,3
450584,76384,3
670115,77327,Not Available
490136,23114,3
490043,20176,4
450289,77054,2
490011,23505,4
670097,75087,Not Available
451380,75783,4
501318,99344,Not Available
450620,78834,Not Available
530002,82716,3
511316,26847,4
500152,98029,4
521350,54409,4
501332,99403,3
501304,98541,2
521340,54751,4
670114,78962,Not Available
450348,76661,4
520097,54303,3
450163,78363,2
523300,53226,Not Available
500036,98902,3
450697,78224,2
450716,77065,2
520078,53215,3
450617,77598,3
490118,23229,5
451359,79070,Not Available
521346,54166,3
500025,98122,4
521345,54017,4
500021,98499,2
451322,77868,Not Available
670118,77070,Not Available
450694,77437,3
460017,84302,4
451328,77665,Not Available
451362,76365,Not Available
531305,82201,3
500011,98166,2
463301,84113,Not Available
450702,75605,3
490077,22911,5
490004,22801,4
453306,79410,Not Available
451353,79731,Not Available
670006,78746,3
490013,24592,4
450292,75142,3
490097,23847,2
450484,75904,5
450229,79601,4
450698,79339,Not Available
450775,77325,2
461310,84511,Not Available
451371,78648,5
450674,77054,3
510030,26241,2
451369,79007,4
450399,79316,3
461308,84535,Not Available
521359,54806,3
501326,99114,4
451300,79035,Not Available
451373,79756,3
451379,76528,4
500002,99362,5
523302,54956,Not Available
491308,22482,Not Available
521330,53821,4
670053,77478,3
451307,79744,Not Available
450723,75237,3
450845,79902,Not Available
490143,23185,4
510012,25550,3
451370,75418,Not Available
530014,82001,2
510071,24701,2
500141,98003,3
460015,84341,3
450840,75013,4
471301,5060,3
520021,53143,4
450162,79412,4
450872,76017,5
450605,78336,4
503300,98105,Not Available
520204,53132,4
510062,25801,3
490044,23439,4
510007,25702,4
670055,78258,4
510039,26003,2
450803,77091,Not Available
500052,98112,Not Available
460030,84078,3
450306,79553,Not Available
500014,98201,2
450539,79072,4
450833,75119,4
450654,78582,2
450330,77469,3
490088,24523,4
490079,24112,1
450755,79336,4
520116,53098,4
461303,84647,3
520002,54481,5
490045,20110,2
670077,77094,4
521318,54020,4
500041,98632,3
511312,26537,4
500088,98055,4
521354,53818,4
471303,5819,3
521358,54235,4
450742,75088,1
670061,78414,5
450235,78629,3
511304,26175,Not Available
493301,23507,Not Available
510006,26330,4
451374,76574,Not Available
521322,53813,4
521316,54773,Not Available
450855,78550,5
450747,75801,3
670041,78664,3
451356,77979,3
450893,76208,5
500150,98686,4
450828,78332,4
450192,76645,3
511309,25411,4
510013,26038,3
490119,23456,4
450641,76255,3
500012,98902,3
450880,76110,Not Available
491305,22664,4
520008,53188,5
450670,77375,3
461304,84648,5
510022,25301,3
501338,98065,Not Available
453310,78723,Not Available
490038,24354,3
450889,75231,Not Available
500005,98101,5
451311,77480,Not Available
521314,54724,Not Available
670046,76132,Not Available
520096,53405,2
450856,78258,Not Available
450875,79124,Not Available
521352,53533,5
510029,25309,2
521323,54456,Not Available
670054,78240,Not Available
491304,24450,4
521342,54871,Not Available
521328,54848,3
450148,76033,4
531303,82701,Not Available
500039,98310,2
531306,82401,3
450610,77024,5
670116,76177,Not Available
451342,79512,3
670024,77429,2
453315,78207,Not Available
521300,54521,4
520075,54301,2
501309,99109,3
521304,54634,4
500053,99336,3
520044,53081,4
451306,76849,4
670098,78130,3
450871,78746,Not Available
500008,98195,5
490023,20186,2
511320,25271,4
670044,75032,3
450711,78503,4
510058,26101,1
450447,75110,2
670106,77584,3
501312,99350,Not Available
450643,78041,3
451315,79567,Not Available
520198,54904,5
451313,79546,Not Available
451355,79095,Not Available
450272,78666,3
520087,54601,5
460041,84041,2
450639,76022,4
451334,79096,Not Available
490063,22042,5
460043,84057,Not Available
450801,75504,5
510047,26554,2
451339,76483,Not Available
451312,77434,Not Available
450780,78240,Not Available
450187,77833,4
521351,53959,4
450133,79701,3
521310,54154,4
450809,78758,4
521324,54451,4
531312,82414,4
490144,20169,3
500003,98274,2
490001,24273,3
450825,78539,3
450565,76067,2
520034,54241,5
521339,54452,4
490019,22701,2
450196,75460,2
491306,24171,4
520138,53215,4
451387,78801,Not Available
451366,79346,Not Available
450690,75708,5
521333,54615,4
450152,76542,3
520033,54495,3
490060,24641,4
471305,5661,2
511300,26416,Not Available
450211,75901,3
520160,54911,3
520062,53066,3
670047,79938,2
520098,53792,5
450518,77640,2
521338,53925,4
491307,22835,4
451364,78119,3
450489,79331,Not Available
501336,98584,3
531301,82410,Not Available
500064,98104,3
500030,98225,4
520011,54868,5
450137,76104,5
531311,82729,Not Available
450147,77902,3
450647,75230,4
520113,54143,4
501324,98812,Not Available
490046,23502,5
490017,23707,2
450580,75835,3
450573,75951,4
451319,75766,Not Available
450422,75204,Not Available
450743,76201,4
501308,99133,Not Available
501323,98368,4
530033,82605,Not Available
670090,75146,Not Available
450888,76092,Not Available
450222,77304,1
520208,53546,4
670082,75071,4
450403,75069,2
520049,54305,5
491302,24134,4
461306,84634,4
450231,79106,4
520030,54401,4
450669,75057,3
670045,76054,Not Available
451354,76374,2
520206,53066,5
520102,53121,5
490007,23507,3
450571,76903,4
500037,98948,4
451304,76936,Not Available
521321,54971,Not Available
490037,23417,4
521336,54843,4
450658,75840,3
450587,76801,2
451314,79745,Not Available
450890,75093,2
450176,78572,4
451323,76550,3
450749,75862,3
501333,98926,3
450851,75226,5
530015,83001,5
670056,78640,2
460006,84143,5
490040,22304,3
450675,76015,3
450634,76210,4
520038,53027,4
511319,25438,3
450498,76424,3
450779,76132,5
450347,77340,1
451326,79225,Not Available
501315,98672,4
510023,26062,3
453316,75024,Not Available
450659,77004,4
500084,98272,2
450651,75075,2
490089,24151,4
451346,77995,3
520189,53142,5
451340,79079,Not Available
450419,76020,4
500015,98001,2
490024,24014,2
521308,54001,4
471304,5855,3
450219,78643,3
450860,77479,5
501313,98826,Not Available
490059,23226,4
521343,53589,4
450280,75042,3
450537,75082,2
451363,77957,Not Available
451324,76950,Not Available
670110,75006,Not Available
501328,98841,3
460054,84341,Not Available
450411,76448,4
490032,23298,2
450424,77521,3
450746,79529,Not Available
461307,84032,4
510031,25301,4
510046,24740,2
490113,22191,2
450253,77418,3
500024,98506,4
521331,54840,Not Available
510050,26003,2
521326,54961,3
510008,25401,3
510055,25701,2
500007,98221,3
520028,53566,5
520071,53538,5
670068,75028,4
450213,78229,2
451385,76634,Not Available
501301,99347,Not Available
450469,75091,1
511303,26147,3
511301,26288,Not Available
520139,53227,5
450661,79761,3
501319,98356,Not Available
450194,75766,4
450644,77082,3
511321,26201,3
670108,78654,4
450586,76380,4
450203,76086,4
490069,23116,4
450864,75701,5
450874,75063,Not Available
490112,23235,3
461333,84759,Not Available
460042,84010,4
460009,84132,5
460019,84066,4
520202,54476,4
500124,98034,5
501327,99111,5
450853,75034,5
450346,77701,1
521335,54016,4
450578,79014,Not Available
511314,24924,Not Available
511317,25901,4
670078,78232,5
451332,77465,Not Available
450677,76028,4
450597,77954,4
451303,76642,Not Available
490094,23223,4
470011,5301,4
521357,53147,4
531316,82301,Not Available
510086,24801,4
460004,84403,4
500079,98372,3
500016,98807,4
521325,54552,5
520070,54703,5
490066,23188,5
521344,53805,4
530011,82901,3
511311,26757,Not Available
450788,78412,3
